time_of_day,day_of_week,weather,road_type,traffic_volume,speed_limit,traffic_signals,near_school,historical_accidents,risk
Evening,Weekend,Snowy,Local,201,30,No,Yes,35,Low
Night,Weekday,Rainy,Highway,449,30,Yes,Yes,7,High
Morning,Weekday,Snowy,Local,818,70,Yes,Yes,14,Low
Evening,Weekday,Snowy,Intersection,842,40,Yes,No,2,Low
Evening,Weekday,Clear,Highway,972,30,Yes,Yes,46,Low
Night,Weekday,Clear,Local,265,30,Yes,No,12,Low
Morning,Weekend,Snowy,Local,909,40,Yes,No,40,Low
Morning,Weekday,Clear,Local,209,70,Yes,No,33,Low
Evening,Weekend,Rainy,Highway,562,30,No,Yes,23,High
Afternoon,Weekend,Rainy,Intersection,117,70,No,No,39,Low
Evening,Weekday,Clear,Local,712,60,Yes,Yes,31,High
Evening,Weekday,Rainy,Local,376,70,Yes,Yes,31,Low
Evening,Weekend,Clear,Local,550,50,Yes,Yes,29,Low
Evening,Weekday,Snowy,Local,539,50,No,No,48,Low
Night,Weekday,Snowy,Local,770,70,Yes,Yes,12,Low
Morning,Weekend,Rainy,Intersection,83,50,No,Yes,0,Low
Night,Weekend,Clear,Intersection,453,60,No,Yes,33,High
Night,Weekday,Clear,Local,666,40,No,No,14,High
Night,Weekend,Rainy,Highway,628,50,No,No,43,High
Evening,Weekday,Snowy,Intersection,513,50,No,No,13,Low
Afternoon,Weekday,Rainy,Highway,604,70,Yes,Yes,28,High
Morning,Weekday,Snowy,Intersection,677,60,Yes,No,33,High
Afternoon,Weekend,Clear,Local,386,40,No,Yes,17,Low
Night,Weekend,Snowy,Intersection,911,70,Yes,Yes,6,Low
Night,Weekend,Rainy,Local,349,70,No,No,28,High
Afternoon,Weekend,Clear,Intersection,295,60,No,Yes,30,Low
Afternoon,Weekend,Rainy,Local,257,40,Yes,No,24,Low
Afternoon,Weekday,Rainy,Local,80,60,Yes,Yes,37,Low
Night,Weekday,Snowy,Local,936,40,Yes,No,13,Low
Night,Weekday,Rainy,Local,267,60,Yes,Yes,7,Low
Morning,Weekday,Snowy,Highway,418,70,Yes,Yes,26,Low
Morning,Weekend,Clear,Local,234,70,No,Yes,1,Low
Night,Weekday,Snowy,Highway,832,30,Yes,Yes,16,Low
Afternoon,Weekend,Clear,Highway,310,50,Yes,Yes,36,Low
Afternoon,Weekday,Snowy,Local,812,60,Yes,No,13,Low
Morning,Weekend,Rainy,Highway,974,30,No,Yes,24,High
Night,Weekend,Snowy,Intersection,985,50,Yes,No,29,Low
Morning,Weekday,Snowy,Local,356,60,No,No,28,Low
Morning,Weekday,Clear,Highway,212,40,Yes,No,19,Low
Evening,Weekday,Rainy,Local,573,50,Yes,Yes,20,Low
Evening,Weekday,Snowy,Local,48,70,No,Yes,21,Low
Evening,Weekend,Rainy,Local,126,30,Yes,Yes,34,Low
Afternoon,Weekday,Snowy,Highway,222,50,Yes,No,36,Low
Night,Weekday,Snowy,Intersection,920,50,No,Yes,15,High
Night,Weekend,Rainy,Intersection,278,70,Yes,Yes,49,Low
Night,Weekday,Snowy,Highway,407,60,No,No,48,High
Night,Weekday,Rainy,Local,504,40,No,No,42,High
Evening,Weekday,Snowy,Highway,293,70,No,No,16,Low
Afternoon,Weekday,Clear,Highway,795,40,No,No,15,Low
Afternoon,Weekday,Rainy,Highway,276,60,No,No,1,High
Evening,Weekend,Snowy,Local,437,50,Yes,No,3,Low
Afternoon,Weekday,Snowy,Highway,106,40,Yes,Yes,20,Low
Evening,Weekday,Clear,Local,657,30,Yes,No,38,Low
Night,Weekday,Rainy,Highway,419,30,No,Yes,33,High
Evening,Weekday,Snowy,Intersection,610,70,No,Yes,29,High
Night,Weekday,Clear,Highway,428,60,No,Yes,5,High
Night,Weekend,Snowy,Highway,374,70,No,No,16,High
Morning,Weekday,Rainy,Intersection,72,70,Yes,Yes,38,Low
Evening,Weekend,Snowy,Local,948,70,Yes,No,24,High
Morning,Weekend,Snowy,Local,997,30,No,No,4,Low
Evening,Weekday,Snowy,Highway,633,30,No,Yes,4,Low
Evening,Weekday,Snowy,Intersection,29,70,Yes,No,19,Low
Morning,Weekday,Clear,Local,187,30,No,Yes,15,Low
Morning,Weekday,Clear,Highway,363,60,No,Yes,40,Low
Evening,Weekend,Rainy,Intersection,865,70,No,No,36,High
Afternoon,Weekday,Clear,Local,799,30,Yes,Yes,39,Low
Night,Weekday,Clear,Local,450,40,Yes,Yes,8,Low
Morning,Weekday,Rainy,Intersection,194,70,No,Yes,4,Low
Night,Weekday,Clear,Intersection,155,70,Yes,No,41,Low
Afternoon,Weekday,Clear,Intersection,171,60,No,Yes,1,Low
Afternoon,Weekday,Rainy,Intersection,846,50,No,No,8,Low
Afternoon,Weekend,Rainy,Highway,40,50,Yes,No,42,High
Morning,Weekend,Rainy,Intersection,62,60,No,Yes,35,Low
Afternoon,Weekday,Snowy,Local,22,60,No,Yes,21,Low
Morning,Weekday,Snowy,Local,359,60,Yes,No,21,Low
Afternoon,Weekday,Rainy,Highway,74,50,No,No,21,High
Night,Weekend,Rainy,Local,559,60,No,Yes,33,High
Night,Weekday,Rainy,Local,671,30,No,Yes,28,High
Evening,Weekend,Snowy,Intersection,824,70,Yes,No,37,High
Night,Weekday,Snowy,Local,117,70,No,No,45,High
Evening,Weekday,Clear,Highway,611,40,Yes,No,32,Low
Night,Weekday,Clear,Intersection,379,40,No,No,17,High
Morning,Weekday,Rainy,Intersection,928,70,No,No,6,Low
Night,Weekend,Snowy,Highway,919,30,No,Yes,0,High
Evening,Weekend,Snowy,Intersection,678,50,No,No,32,Low
Evening,Weekday,Snowy,Intersection,289,50,Yes,No,0,Low
Afternoon,Weekday,Rainy,Highway,439,30,Yes,Yes,23,High
Morning,Weekend,Clear,Intersection,667,50,No,Yes,3,Low
Night,Weekend,Rainy,Highway,932,60,No,No,3,High
Afternoon,Weekend,Clear,Highway,6,70,No,No,17,Low
Night,Weekend,Clear,Local,195,70,No,Yes,26,High
Night,Weekday,Rainy,Local,420,30,No,No,42,High
Afternoon,Weekend,Clear,Intersection,567,50,No,No,31,Low
Afternoon,Weekday,Clear,Intersection,832,40,No,Yes,32,Low
Afternoon,Weekend,Snowy,Highway,192,40,No,No,27,Low
Afternoon,Weekend,Clear,Intersection,558,50,Yes,Yes,41,Low
Afternoon,Weekend,Rainy,Highway,147,40,Yes,Yes,40,High
Night,Weekend,Rainy,Highway,786,30,Yes,Yes,35,High
Afternoon,Weekend,Clear,Intersection,668,30,No,Yes,5,Low
Morning,Weekday,Snowy,Highway,201,50,No,No,15,Low
Evening,Weekday,Snowy,Local,443,40,No,Yes,33,Low
Afternoon,Weekend,Clear,Intersection,913,30,Yes,No,22,Low
Afternoon,Weekend,Clear,Local,987,30,No,No,49,Low
Night,Weekday,Rainy,Intersection,418,60,Yes,No,41,Low
Afternoon,Weekend,Clear,Highway,426,60,No,No,23,Low
Afternoon,Weekend,Snowy,Intersection,478,30,Yes,No,48,Low
Afternoon,Weekday,Clear,Local,474,50,Yes,Yes,12,Low
Night,Weekend,Rainy,Highway,125,70,Yes,Yes,17,High
Afternoon,Weekend,Rainy,Intersection,394,70,No,Yes,12,Low
Evening,Weekday,Rainy,Intersection,816,30,Yes,Yes,48,Low
Night,Weekday,Rainy,Intersection,880,30,No,No,36,High
Evening,Weekday,Rainy,Local,805,30,No,Yes,42,Low
Night,Weekend,Clear,Local,575,50,No,No,38,High
Afternoon,Weekday,Clear,Intersection,324,60,No,No,41,Low
Evening,Weekday,Clear,Highway,391,30,No,Yes,16,Low
Night,Weekday,Clear,Highway,929,30,Yes,Yes,14,Low
Morning,Weekday,Rainy,Local,687,40,No,Yes,17,Low
Afternoon,Weekday,Snowy,Highway,627,50,No,Yes,22,Low
Night,Weekday,Clear,Local,439,30,No,No,29,High
Morning,Weekend,Snowy,Intersection,203,40,No,No,33,Low
Night,Weekend,Clear,Local,485,70,No,Yes,3,High
Morning,Weekday,Clear,Local,832,30,Yes,No,2,Low
Afternoon,Weekday,Snowy,Intersection,30,30,Yes,No,6,Low
Evening,Weekday,Rainy,Highway,387,40,No,No,17,High
Morning,Weekend,Clear,Local,624,50,Yes,Yes,41,Low
Night,Weekend,Clear,Local,876,30,Yes,No,6,Low
Afternoon,Weekend,Clear,Intersection,433,70,No,Yes,39,Low
Morning,Weekend,Snowy,Highway,836,30,Yes,Yes,5,Low
Night,Weekend,Rainy,Local,925,70,No,No,21,High
Night,Weekend,Snowy,Intersection,375,60,Yes,No,0,Low
Night,Weekend,Snowy,Local,343,60,Yes,Yes,3,Low
Morning,Weekend,Rainy,Intersection,442,70,Yes,No,45,Low
Morning,Weekend,Snowy,Highway,578,50,No,No,48,Low
Morning,Weekday,Rainy,Highway,74,30,Yes,Yes,49,High
Evening,Weekday,Clear,Highway,556,30,Yes,Yes,42,Low
Morning,Weekday,Rainy,Highway,771,60,No,Yes,28,High
Morning,Weekday,Clear,Local,665,70,No,Yes,20,Low
Morning,Weekend,Snowy,Local,154,30,Yes,No,25,Low
Evening,Weekend,Snowy,Highway,429,30,No,No,13,Low
Morning,Weekday,Clear,Highway,362,50,Yes,Yes,8,Low
Night,Weekend,Snowy,Highway,447,40,Yes,Yes,46,Low
Morning,Weekday,Rainy,Local,986,60,No,Yes,11,Low
Night,Weekend,Clear,Highway,233,60,No,No,41,High
Night,Weekday,Snowy,Highway,562,40,No,Yes,5,High
Night,Weekend,Clear,Highway,817,30,Yes,No,19,Low
Evening,Weekend,Rainy,Intersection,261,50,No,Yes,23,Low
Evening,Weekday,Rainy,Highway,826,50,Yes,Yes,26,High
Evening,Weekend,Snowy,Intersection,124,60,No,Yes,37,Low
Morning,Weekday,Rainy,Intersection,910,50,Yes,No,7,Low
Night,Weekday,Clear,Highway,244,40,No,No,0,High
Evening,Weekday,Rainy,Intersection,541,30,Yes,No,48,Low
Evening,Weekday,Clear,Highway,937,40,No,Yes,48,Low
Morning,Weekend,Clear,Local,484,70,Yes,No,23,Low
Evening,Weekend,Rainy,Local,121,60,No,No,46,Low
Morning,Weekend,Snowy,Local,124,50,No,Yes,6,Low
Afternoon,Weekday,Rainy,Local,548,70,Yes,Yes,18,Low
Evening,Weekend,Clear,Intersection,169,50,No,No,21,Low
Afternoon,Weekday,Clear,Highway,123,30,Yes,No,34,Low
Morning,Weekend,Rainy,Highway,868,30,Yes,No,29,High
Night,Weekend,Snowy,Highway,34,30,No,No,28,High
Evening,Weekend,Snowy,Local,86,50,Yes,Yes,21,Low
Morning,Weekday,Clear,Local,645,70,No,Yes,10,Low
Night,Weekend,Clear,Highway,707,30,No,Yes,19,High
Night,Weekend,Snowy,Local,785,70,Yes,No,28,High
Afternoon,Weekday,Rainy,Highway,200,50,No,No,40,High
Morning,Weekend,Clear,Highway,368,70,Yes,Yes,41,Low
Night,Weekday,Clear,Highway,796,50,Yes,Yes,33,Low
Evening,Weekend,Snowy,Highway,76,50,No,No,0,Low
Evening,Weekday,Rainy,Highway,58,60,No,No,30,High
Afternoon,Weekday,Snowy,Highway,430,50,Yes,Yes,29,Low
Night,Weekend,Rainy,Highway,637,50,Yes,Yes,47,High
Morning,Weekday,Rainy,Local,499,40,No,Yes,17,Low
Evening,Weekday,Rainy,Highway,912,30,No,No,16,High
Night,Weekday,Clear,Highway,108,60,No,No,37,High
Night,Weekday,Snowy,Local,735,60,No,No,13,High
Afternoon,Weekday,Snowy,Local,277,60,Yes,No,22,Low
Evening,Weekday,Rainy,Local,67,40,No,No,24,Low
Evening,Weekend,Clear,Highway,68,50,Yes,No,14,Low
Morning,Weekday,Clear,Intersection,164,30,Yes,Yes,45,Low
Evening,Weekday,Snowy,Intersection,488,70,No,Yes,21,Low
Morning,Weekend,Clear,Local,304,50,Yes,No,2,Low
Evening,Weekend,Clear,Intersection,908,40,No,Yes,18,Low
Afternoon,Weekend,Rainy,Local,673,50,Yes,No,43,Low
Evening,Weekend,Clear,Highway,364,50,No,Yes,33,Low
Morning,Weekend,Rainy,Intersection,853,40,Yes,No,34,Low
Morning,Weekend,Snowy,Highway,820,60,Yes,Yes,49,High
Afternoon,Weekend,Clear,Intersection,378,60,No,Yes,0,Low
Evening,Weekday,Snowy,Highway,342,30,No,No,20,Low
Evening,Weekday,Snowy,Intersection,946,30,Yes,No,28,Low
Afternoon,Weekend,Clear,Highway,898,60,Yes,Yes,5,Low
Evening,Weekday,Clear,Highway,553,70,No,Yes,36,High
Evening,Weekday,Snowy,Intersection,353,50,Yes,No,0,Low
Morning,Weekday,Clear,Highway,415,70,No,Yes,0,Low
Evening,Weekend,Rainy,Highway,108,50,Yes,No,26,High
Evening,Weekend,Rainy,Highway,562,60,No,No,20,High
Afternoon,Weekday,Clear,Intersection,761,30,Yes,Yes,15,Low
Afternoon,Weekend,Snowy,Intersection,496,30,No,No,43,Low
Night,Weekday,Clear,Highway,340,70,No,Yes,39,High
Morning,Weekday,Clear,Highway,941,30,Yes,Yes,25,Low
Evening,Weekday,Snowy,Intersection,382,60,No,No,15,Low
Evening,Weekday,Snowy,Intersection,532,70,Yes,Yes,27,High
Night,Weekend,Rainy,Highway,299,50,No,No,0,High
Evening,Weekend,Snowy,Highway,138,30,No,No,35,Low
Morning,Weekend,Rainy,Highway,358,40,No,No,9,High
Night,Weekday,Snowy,Local,835,30,Yes,Yes,42,Low
Morning,Weekend,Clear,Intersection,498,50,No,No,16,Low
Night,Weekday,Rainy,Local,384,70,Yes,Yes,22,Low
Night,Weekend,Rainy,Intersection,603,50,No,No,6,High
Afternoon,Weekday,Rainy,Intersection,958,40,Yes,No,43,Low
Morning,Weekday,Clear,Intersection,279,60,Yes,No,6,Low
Evening,Weekday,Clear,Intersection,636,30,Yes,Yes,43,Low
Evening,Weekend,Clear,Intersection,482,70,No,Yes,14,Low
Morning,Weekend,Clear,Intersection,908,60,Yes,No,33,High
Evening,Weekend,Clear,Intersection,110,50,No,No,45,Low
Evening,Weekend,Rainy,Local,865,70,Yes,Yes,44,High
Morning,Weekday,Clear,Highway,138,60,Yes,Yes,3,Low
Night,Weekend,Rainy,Highway,995,70,Yes,Yes,13,High
Morning,Weekend,Clear,Local,434,40,Yes,No,13,Low
Night,Weekday,Snowy,Local,508,40,No,Yes,15,High
Evening,Weekday,Rainy,Local,272,30,Yes,No,6,Low
Evening,Weekday,Snowy,Local,98,30,Yes,Yes,31,Low
Evening,Weekend,Rainy,Intersection,763,40,No,No,18,Low
Afternoon,Weekday,Snowy,Highway,849,70,Yes,No,1,Low
Night,Weekday,Clear,Intersection,103,40,Yes,No,9,Low
Afternoon,Weekday,Clear,Highway,213,30,Yes,Yes,49,Low
Afternoon,Weekend,Clear,Highway,760,40,Yes,Yes,16,Low
Morning,Weekday,Rainy,Local,663,40,No,Yes,36,Low
Afternoon,Weekend,Snowy,Intersection,761,70,No,No,11,Low
Morning,Weekend,Clear,Local,786,60,Yes,No,5,Low
Morning,Weekday,Snowy,Intersection,164,30,No,Yes,21,Low
Afternoon,Weekday,Snowy,Highway,998,70,No,No,31,High
Night,Weekend,Clear,Local,852,40,Yes,No,40,Low
Night,Weekday,Clear,Local,519,40,No,No,19,High
Night,Weekday,Snowy,Highway,283,60,Yes,Yes,0,Low
Night,Weekend,Clear,Highway,516,30,No,No,46,High
Night,Weekend,Clear,Highway,656,30,No,Yes,5,High
Afternoon,Weekday,Clear,Local,612,50,No,Yes,18,Low
Afternoon,Weekend,Rainy,Intersection,163,30,Yes,Yes,17,Low
Evening,Weekday,Snowy,Local,885,60,No,Yes,5,Low
Night,Weekday,Snowy,Intersection,658,50,Yes,Yes,44,Low
Afternoon,Weekday,Rainy,Local,63,50,Yes,No,32,Low
Evening,Weekend,Snowy,Local,90,40,No,Yes,22,Low
Night,Weekday,Clear,Highway,116,40,Yes,Yes,22,Low
Morning,Weekday,Snowy,Intersection,865,30,No,Yes,25,Low
Evening,Weekday,Clear,Local,266,50,Yes,No,12,Low
Afternoon,Weekend,Rainy,Local,821,40,Yes,No,6,Low
Morning,Weekend,Clear,Highway,684,60,No,No,14,Low
Morning,Weekend,Snowy,Highway,558,40,No,No,43,Low
Morning,Weekend,Snowy,Intersection,139,40,No,Yes,26,Low
Evening,Weekend,Snowy,Local,245,50,No,Yes,25,Low
Afternoon,Weekday,Rainy,Intersection,660,50,Yes,No,32,Low
Morning,Weekend,Rainy,Local,757,70,Yes,No,14,Low
Night,Weekend,Snowy,Intersection,394,60,Yes,No,35,Low
Morning,Weekend,Clear,Highway,486,50,No,No,44,Low
Morning,Weekday,Rainy,Local,475,30,Yes,Yes,26,Low
Evening,Weekend,Snowy,Intersection,516,60,No,No,4,Low
Evening,Weekend,Snowy,Highway,976,60,Yes,No,1,Low
Afternoon,Weekday,Rainy,Highway,183,50,No,No,32,High
Night,Weekend,Rainy,Intersection,19,60,Yes,No,15,Low
Evening,Weekday,Rainy,Local,936,50,Yes,No,22,Low
Morning,Weekday,Clear,Local,557,40,No,No,37,Low
Afternoon,Weekday,Clear,Highway,523,70,Yes,No,15,Low
Morning,Weekday,Snowy,Local,581,40,No,Yes,13,Low
Morning,Weekday,Rainy,Local,528,50,Yes,Yes,28,Low
Evening,Weekend,Clear,Local,882,50,Yes,Yes,25,Low
Afternoon,Weekday,Rainy,Highway,146,40,No,Yes,34,High
Night,Weekday,Snowy,Intersection,665,30,No,Yes,14,High
Night,Weekend,Clear,Local,303,30,Yes,Yes,2,Low
Evening,Weekday,Clear,Highway,619,30,Yes,No,22,Low
Evening,Weekend,Clear,Highway,747,50,Yes,No,28,Low
Afternoon,Weekend,Snowy,Intersection,819,60,Yes,Yes,33,High
Night,Weekend,Rainy,Local,863,50,Yes,No,32,Low
Night,Weekday,Clear,Local,581,60,Yes,Yes,40,High
Night,Weekday,Snowy,Intersection,694,40,No,No,40,High
Morning,Weekday,Rainy,Intersection,761,70,No,No,22,High
Night,Weekend,Snowy,Highway,227,60,No,No,6,High
Morning,Weekday,Rainy,Highway,101,30,Yes,No,2,High
Afternoon,Weekday,Snowy,Intersection,586,50,Yes,No,31,Low
Morning,Weekday,Rainy,Local,416,40,Yes,No,30,Low
Afternoon,Weekend,Clear,Highway,957,30,No,Yes,17,Low
Night,Weekend,Rainy,Highway,215,40,No,Yes,42,High
Night,Weekday,Snowy,Local,406,70,Yes,No,6,Low
Afternoon,Weekday,Snowy,Highway,398,50,Yes,Yes,40,Low
Evening,Weekday,Rainy,Local,922,50,No,No,0,Low
Afternoon,Weekday,Clear,Local,714,70,No,Yes,13,Low
Evening,Weekend,Clear,Local,703,50,No,No,31,Low
Morning,Weekend,Rainy,Intersection,760,60,Yes,Yes,5,Low
Morning,Weekend,Rainy,Intersection,498,40,Yes,No,38,Low
Morning,Weekend,Snowy,Intersection,753,30,Yes,Yes,9,Low
Night,Weekday,Clear,Local,464,70,No,No,6,High
Morning,Weekday,Rainy,Local,690,60,No,Yes,25,High
Evening,Weekday,Clear,Intersection,948,30,Yes,No,33,Low
Morning,Weekend,Rainy,Highway,973,30,Yes,No,29,High
Afternoon,Weekday,Rainy,Local,730,70,No,No,35,High
Afternoon,Weekend,Clear,Highway,81,60,Yes,Yes,20,Low
Night,Weekend,Rainy,Highway,603,30,No,Yes,16,High
Afternoon,Weekday,Rainy,Local,946,30,No,Yes,32,Low
Evening,Weekday,Snowy,Local,686,60,Yes,No,9,Low
Morning,Weekday,Rainy,Highway,750,50,No,Yes,46,High
Night,Weekend,Rainy,Highway,771,30,Yes,No,41,High
Morning,Weekday,Rainy,Intersection,902,40,No,Yes,11,Low
Morning,Weekend,Snowy,Intersection,364,60,No,Yes,15,Low
Evening,Weekday,Clear,Local,162,30,Yes,Yes,40,Low
Afternoon,Weekend,Snowy,Intersection,47,70,No,Yes,31,Low
Afternoon,Weekend,Snowy,Intersection,510,40,Yes,No,14,Low
Morning,Weekday,Clear,Intersection,328,30,Yes,Yes,26,Low
Night,Weekend,Snowy,Intersection,839,40,No,Yes,27,High
Afternoon,Weekend,Clear,Highway,115,40,Yes,No,16,Low
Night,Weekday,Snowy,Local,940,50,Yes,No,45,Low
Afternoon,Weekend,Clear,Intersection,848,40,Yes,Yes,49,Low
Night,Weekday,Rainy,Highway,336,50,Yes,Yes,1,High
Evening,Weekend,Snowy,Highway,880,60,Yes,No,35,High
Night,Weekday,Snowy,Highway,736,50,Yes,No,49,Low
Evening,Weekday,Snowy,Intersection,863,70,No,No,6,Low
Evening,Weekend,Snowy,Intersection,839,30,Yes,Yes,12,Low
Night,Weekend,Rainy,Local,146,60,No,Yes,14,High
Evening,Weekend,Snowy,Intersection,574,60,No,Yes,24,High
Morning,Weekend,Rainy,Intersection,805,70,Yes,No,22,High
Evening,Weekend,Rainy,Highway,322,50,No,No,21,High
Afternoon,Weekday,Rainy,Local,442,30,No,No,25,Low
Night,Weekend,Rainy,Intersection,836,50,Yes,Yes,32,Low
Morning,Weekday,Clear,Intersection,12,40,Yes,No,10,Low
Night,Weekday,Clear,Highway,942,50,Yes,Yes,9,Low
Afternoon,Weekend,Snowy,Highway,493,60,No,No,24,Low
Afternoon,Weekday,Clear,Intersection,700,30,No,Yes,36,Low
Afternoon,Weekday,Clear,Local,286,50,Yes,Yes,47,Low
Evening,Weekday,Snowy,Local,719,30,Yes,No,42,Low
Evening,Weekday,Snowy,Highway,113,30,No,Yes,37,Low
Night,Weekend,Snowy,Highway,479,40,No,No,40,High
Night,Weekday,Clear,Intersection,21,40,No,Yes,44,High
Morning,Weekend,Clear,Highway,348,60,No,No,23,Low
Morning,Weekend,Snowy,Intersection,725,70,Yes,No,39,High
Night,Weekday,Rainy,Local,682,30,No,Yes,45,High
Evening,Weekend,Snowy,Local,834,70,No,No,32,High
Afternoon,Weekend,Rainy,Intersection,565,60,No,Yes,16,Low
Night,Weekend,Rainy,Highway,905,30,No,No,23,High
Morning,Weekday,Snowy,Local,809,30,Yes,No,36,Low
Evening,Weekend,Snowy,Highway,319,70,Yes,No,1,Low
Night,Weekend,Snowy,Local,125,50,No,No,31,High
Night,Weekend,Clear,Intersection,276,40,No,Yes,23,High
Evening,Weekday,Rainy,Intersection,975,50,Yes,No,8,Low
Night,Weekend,Clear,Intersection,203,70,Yes,No,3,Low
Evening,Weekday,Clear,Local,193,40,No,Yes,16,Low
Afternoon,Weekday,Snowy,Highway,680,50,No,Yes,16,Low
Evening,Weekday,Clear,Highway,663,40,Yes,Yes,49,Low
Evening,Weekday,Snowy,Highway,546,30,Yes,Yes,47,Low
Evening,Weekday,Rainy,Local,695,50,Yes,Yes,29,Low
Night,Weekday,Snowy,Local,285,40,Yes,Yes,39,Low
Night,Weekend,Clear,Local,56,40,Yes,No,10,Low
Evening,Weekday,Clear,Local,733,40,Yes,Yes,20,Low
Night,Weekend,Snowy,Local,302,50,No,No,20,High
Morning,Weekend,Snowy,Highway,162,60,Yes,Yes,17,Low
Morning,Weekday,Clear,Local,18,50,Yes,No,28,Low
Night,Weekend,Rainy,Local,369,70,Yes,No,23,Low
Night,Weekend,Rainy,Highway,263,50,Yes,No,9,High
Evening,Weekend,Snowy,Local,793,40,No,Yes,44,Low
Afternoon,Weekend,Rainy,Highway,112,30,No,Yes,16,High
Night,Weekday,Clear,Highway,487,50,Yes,Yes,17,Low
Morning,Weekend,Snowy,Intersection,326,50,No,Yes,41,Low
Evening,Weekday,Clear,Intersection,541,40,No,No,47,Low
Night,Weekend,Clear,Intersection,646,30,No,Yes,19,High
Morning,Weekend,Rainy,Intersection,578,30,No,No,36,Low
Morning,Weekday,Snowy,Local,64,70,No,No,44,Low
Afternoon,Weekend,Snowy,Intersection,291,50,No,Yes,17,Low
Evening,Weekend,Rainy,Highway,24,30,Yes,Yes,16,High
Evening,Weekend,Clear,Local,548,30,Yes,Yes,8,Low
Afternoon,Weekday,Clear,Intersection,0,60,Yes,No,13,Low
Afternoon,Weekend,Clear,Highway,910,60,Yes,Yes,48,High
Evening,Weekday,Clear,Local,548,30,Yes,No,28,Low
Evening,Weekend,Snowy,Local,140,70,No,Yes,30,Low
Night,Weekday,Snowy,Intersection,743,30,Yes,No,3,Low
Night,Weekday,Rainy,Local,647,40,Yes,Yes,17,Low
Afternoon,Weekend,Rainy,Highway,900,50,No,Yes,19,High
Night,Weekend,Snowy,Local,187,70,No,No,46,High
Morning,Weekday,Snowy,Highway,127,40,Yes,Yes,42,Low
Night,Weekday,Clear,Local,200,70,No,Yes,43,High
Night,Weekend,Clear,Intersection,126,40,No,Yes,8,High
Morning,Weekday,Rainy,Highway,256,50,No,Yes,12,High
Afternoon,Weekend,Snowy,Local,675,50,No,Yes,14,Low
Morning,Weekend,Rainy,Local,546,60,Yes,Yes,26,High
Night,Weekend,Snowy,Local,193,40,No,Yes,14,High
Afternoon,Weekend,Clear,Highway,702,60,Yes,No,27,High
Night,Weekday,Rainy,Highway,103,40,Yes,No,36,High
Morning,Weekend,Rainy,Highway,534,60,No,Yes,18,High
Morning,Weekday,Snowy,Intersection,264,50,No,Yes,25,Low
Night,Weekend,Clear,Intersection,801,70,No,Yes,25,High
Evening,Weekday,Rainy,Highway,941,60,Yes,No,24,High
Evening,Weekend,Clear,Local,973,40,No,No,25,Low
Morning,Weekday,Rainy,Intersection,383,40,No,Yes,25,Low
Morning,Weekday,Clear,Highway,259,50,No,No,45,Low
Evening,Weekend,Snowy,Local,413,40,No,Yes,27,Low
Evening,Weekend,Rainy,Intersection,990,30,No,Yes,48,Low
Night,Weekend,Rainy,Local,357,70,Yes,Yes,17,Low
Night,Weekend,Clear,Local,74,60,No,Yes,31,High
Evening,Weekday,Clear,Local,354,70,No,No,2,Low
Night,Weekend,Rainy,Local,583,50,No,No,1,High
Night,Weekday,Snowy,Intersection,770,60,Yes,Yes,32,High
Afternoon,Weekday,Clear,Intersection,909,60,No,No,41,High
Night,Weekend,Clear,Intersection,187,30,Yes,No,18,Low
Morning,Weekday,Clear,Highway,972,50,Yes,Yes,16,Low
Night,Weekday,Rainy,Intersection,684,40,No,No,43,High
Night,Weekday,Rainy,Local,991,30,No,Yes,32,High
Evening,Weekday,Rainy,Intersection,289,30,No,Yes,11,Low
Morning,Weekend,Rainy,Local,44,70,Yes,Yes,48,Low
Night,Weekend,Snowy,Highway,572,70,Yes,Yes,2,Low
Night,Weekend,Snowy,Local,82,70,Yes,No,42,Low
Afternoon,Weekend,Rainy,Local,122,30,Yes,Yes,48,Low
Night,Weekday,Snowy,Local,357,40,Yes,No,25,Low
Night,Weekday,Clear,Highway,527,60,Yes,Yes,34,High
Afternoon,Weekend,Clear,Intersection,65,70,No,Yes,7,Low
Evening,Weekend,Clear,Intersection,935,40,No,No,35,Low
Night,Weekend,Rainy,Highway,656,50,Yes,Yes,6,High
Afternoon,Weekday,Clear,Local,374,70,No,No,45,Low
Morning,Weekend,Snowy,Intersection,161,60,No,No,45,Low
Evening,Weekend,Rainy,Highway,745,50,Yes,Yes,35,High
Morning,Weekend,Snowy,Intersection,379,50,Yes,Yes,15,Low
Morning,Weekday,Clear,Highway,655,60,No,Yes,23,High
Afternoon,Weekday,Clear,Local,357,70,Yes,Yes,0,Low
Night,Weekday,Clear,Intersection,187,30,Yes,Yes,48,Low
Afternoon,Weekday,Rainy,Highway,321,60,No,Yes,24,High
Afternoon,Weekday,Snowy,Intersection,449,60,Yes,No,9,Low
Afternoon,Weekday,Rainy,Intersection,473,60,No,No,15,Low
Afternoon,Weekday,Rainy,Intersection,12,50,No,Yes,15,Low
Evening,Weekday,Clear,Intersection,183,40,No,No,7,Low
Night,Weekend,Rainy,Highway,110,30,No,No,28,High
Morning,Weekend,Rainy,Local,926,70,No,Yes,38,High
Morning,Weekday,Clear,Highway,507,70,Yes,Yes,27,High
Night,Weekday,Rainy,Highway,289,40,Yes,No,5,High
Morning,Weekend,Clear,Highway,294,60,Yes,Yes,15,Low
Night,Weekday,Clear,Local,450,30,Yes,No,19,Low
Morning,Weekday,Clear,Intersection,903,70,No,Yes,15,Low
Afternoon,Weekday,Clear,Intersection,214,70,No,No,6,Low
Morning,Weekend,Rainy,Intersection,973,60,Yes,No,40,High
Night,Weekend,Clear,Local,631,40,No,No,13,High
Night,Weekend,Clear,Intersection,893,30,Yes,No,42,Low
Night,Weekend,Rainy,Local,566,40,Yes,Yes,25,Low
Night,Weekend,Rainy,Intersection,26,40,Yes,Yes,25,Low
Night,Weekday,Snowy,Intersection,629,30,No,No,13,High
Evening,Weekend,Rainy,Highway,732,30,No,No,6,High
Evening,Weekday,Rainy,Local,230,70,No,Yes,32,Low
Morning,Weekday,Snowy,Highway,564,70,No,Yes,25,High
Night,Weekend,Rainy,Highway,806,30,Yes,No,44,High
Morning,Weekend,Rainy,Highway,320,50,No,No,19,High
Night,Weekday,Rainy,Local,912,70,No,No,2,High
Night,Weekday,Rainy,Local,232,50,No,No,3,High
Evening,Weekday,Snowy,Intersection,669,30,Yes,No,25,Low
Evening,Weekend,Rainy,Highway,436,70,Yes,Yes,10,High
Afternoon,Weekend,Rainy,Intersection,780,40,No,No,1,Low
Evening,Weekend,Snowy,Highway,532,30,No,Yes,13,Low
Afternoon,Weekend,Clear,Local,402,60,No,Yes,43,Low
Afternoon,Weekend,Snowy,Local,52,50,No,Yes,29,Low
Afternoon,Weekday,Clear,Local,786,30,Yes,No,48,Low
Afternoon,Weekend,Snowy,Highway,312,30,No,Yes,11,Low
Afternoon,Weekday,Snowy,Local,280,70,No,Yes,25,Low
Morning,Weekday,Rainy,Highway,725,70,No,Yes,43,High
Evening,Weekday,Clear,Intersection,30,70,Yes,Yes,32,Low
Afternoon,Weekend,Rainy,Highway,336,60,Yes,No,12,High
Night,Weekend,Clear,Intersection,182,70,No,No,13,High
Evening,Weekend,Snowy,Highway,22,30,No,Yes,23,Low
Evening,Weekday,Snowy,Intersection,543,70,No,Yes,33,High
Afternoon,Weekday,Clear,Local,445,40,No,No,43,Low
Morning,Weekday,Rainy,Intersection,73,70,No,No,25,Low
Afternoon,Weekday,Rainy,Local,9,60,Yes,No,20,Low
Morning,Weekday,Rainy,Local,483,40,Yes,Yes,27,Low
Night,Weekday,Rainy,Intersection,455,30,Yes,No,47,Low
Evening,Weekend,Snowy,Highway,565,30,No,Yes,35,Low
Night,Weekend,Snowy,Highway,563,50,Yes,Yes,39,Low
Morning,Weekend,Snowy,Highway,659,40,Yes,No,1,Low
Morning,Weekend,Snowy,Highway,159,50,Yes,Yes,41,Low
Night,Weekday,Snowy,Highway,881,40,No,No,8,High
Morning,Weekday,Rainy,Local,13,40,No,Yes,22,Low
Night,Weekend,Rainy,Highway,177,60,Yes,No,14,High
Evening,Weekday,Rainy,Local,411,50,No,Yes,12,Low
Night,Weekend,Rainy,Local,877,60,Yes,Yes,22,High
Evening,Weekend,Snowy,Local,52,40,Yes,No,16,Low
Night,Weekend,Snowy,Intersection,407,30,Yes,No,47,Low
Morning,Weekday,Snowy,Intersection,846,40,Yes,No,1,Low
Night,Weekend,Clear,Local,21,60,No,No,19,High
Morning,Weekend,Rainy,Intersection,29,50,No,Yes,19,Low
Night,Weekend,Rainy,Highway,702,50,No,No,45,High
Night,Weekday,Snowy,Highway,259,60,No,No,2,High
Afternoon,Weekday,Rainy,Local,204,50,Yes,Yes,11,Low
Morning,Weekend,Rainy,Highway,58,70,No,No,39,High
Afternoon,Weekday,Snowy,Local,470,30,Yes,No,1,Low
Morning,Weekday,Clear,Local,775,30,No,Yes,35,Low
Afternoon,Weekday,Clear,Highway,465,30,No,No,13,Low
Evening,Weekday,Clear,Intersection,11,50,No,No,15,Low
Night,Weekday,Snowy,Highway,630,50,Yes,No,18,Low
Morning,Weekday,Rainy,Highway,926,40,Yes,No,33,High
Morning,Weekday,Snowy,Local,973,40,Yes,No,43,Low
Night,Weekday,Snowy,Local,289,30,Yes,No,45,Low
Morning,Weekday,Rainy,Local,849,70,No,Yes,5,Low
Morning,Weekday,Clear,Local,759,40,Yes,No,12,Low
Afternoon,Weekend,Clear,Intersection,353,40,Yes,Yes,35,Low
Morning,Weekend,Snowy,Intersection,638,50,No,Yes,21,Low
Evening,Weekday,Clear,Intersection,74,70,No,Yes,17,Low
Evening,Weekend,Snowy,Local,872,30,Yes,Yes,11,Low
Night,Weekend,Snowy,Local,715,40,No,No,29,High
Morning,Weekday,Rainy,Local,560,70,Yes,No,39,High
Night,Weekday,Rainy,Intersection,590,70,No,No,6,High
Evening,Weekday,Rainy,Local,440,30,Yes,Yes,31,Low
Morning,Weekend,Snowy,Highway,990,70,Yes,No,47,High
Morning,Weekend,Rainy,Highway,240,70,Yes,No,18,High
Night,Weekday,Clear,Local,860,70,Yes,No,5,Low
Evening,Weekday,Clear,Highway,153,40,Yes,Yes,19,Low
Morning,Weekday,Snowy,Highway,785,30,No,Yes,26,Low
Night,Weekend,Snowy,Intersection,95,70,Yes,No,42,Low
Evening,Weekend,Rainy,Local,725,70,Yes,Yes,36,High
Night,Weekend,Snowy,Local,293,40,Yes,Yes,47,Low
Afternoon,Weekend,Snowy,Intersection,208,30,Yes,No,6,Low
Morning,Weekday,Clear,Highway,342,50,Yes,Yes,4,Low
Afternoon,Weekday,Clear,Highway,87,40,No,Yes,10,Low
Evening,Weekday,Rainy,Local,817,30,No,No,14,Low
Afternoon,Weekday,Snowy,Highway,775,70,Yes,Yes,2,Low
Afternoon,Weekend,Snowy,Intersection,936,30,No,Yes,4,Low
Evening,Weekend,Clear,Intersection,389,30,Yes,Yes,22,Low
Night,Weekday,Snowy,Local,324,30,No,Yes,36,High
Afternoon,Weekday,Clear,Intersection,939,50,No,Yes,8,Low
Night,Weekend,Rainy,Intersection,888,30,Yes,Yes,14,Low
Afternoon,Weekday,Clear,Local,831,50,No,Yes,2,Low
Night,Weekend,Snowy,Intersection,156,70,No,Yes,28,High
Evening,Weekday,Rainy,Intersection,667,50,Yes,No,5,Low
Afternoon,Weekday,Clear,Intersection,650,70,Yes,No,16,Low
Evening,Weekday,Clear,Highway,632,70,No,No,25,High
Afternoon,Weekday,Rainy,Local,576,50,No,No,20,Low
Evening,Weekday,Rainy,Local,618,40,No,Yes,7,Low
Evening,Weekday,Clear,Local,658,60,Yes,No,20,Low
Afternoon,Weekday,Snowy,Highway,136,30,No,No,10,Low
Afternoon,Weekend,Clear,Highway,922,60,No,Yes,37,High
Afternoon,Weekend,Rainy,Local,673,30,No,Yes,7,Low
Morning,Weekend,Clear,Highway,427,30,Yes,Yes,41,Low
Night,Weekend,Rainy,Local,451,70,Yes,Yes,23,Low
Morning,Weekend,Rainy,Highway,611,30,Yes,Yes,34,High
Morning,Weekday,Snowy,Intersection,849,30,Yes,No,13,Low
Evening,Weekday,Rainy,Intersection,910,50,No,Yes,13,Low
Afternoon,Weekend,Rainy,Local,818,60,Yes,No,9,Low
Night,Weekday,Snowy,Highway,140,50,No,No,11,High
Evening,Weekend,Rainy,Highway,82,30,No,Yes,37,High
Morning,Weekend,Snowy,Intersection,176,70,No,No,43,Low
Afternoon,Weekday,Snowy,Intersection,197,50,No,No,45,Low
Evening,Weekday,Rainy,Highway,623,50,Yes,Yes,33,High
Afternoon,Weekday,Rainy,Highway,567,40,Yes,No,40,High
Evening,Weekend,Clear,Highway,971,30,Yes,No,9,Low
Afternoon,Weekday,Snowy,Highway,690,70,Yes,No,16,Low
Morning,Weekend,Clear,Highway,420,50,Yes,Yes,16,Low
Night,Weekend,Rainy,Highway,400,50,No,Yes,2,High
Morning,Weekend,Clear,Local,697,70,Yes,Yes,30,High
Night,Weekday,Snowy,Highway,470,30,Yes,No,0,Low
Afternoon,Weekday,Clear,Intersection,217,40,Yes,Yes,11,Low
Evening,Weekend,Snowy,Local,924,50,Yes,No,38,Low
Morning,Weekday,Rainy,Highway,928,40,No,Yes,3,High
Night,Weekday,Rainy,Intersection,827,60,No,No,41,High
Morning,Weekday,Snowy,Local,986,30,No,Yes,12,Low
Night,Weekend,Rainy,Intersection,728,60,No,Yes,33,High
Morning,Weekend,Rainy,Highway,631,60,No,No,41,High
Night,Weekday,Rainy,Highway,950,60,Yes,Yes,20,High
Night,Weekend,Rainy,Highway,905,30,No,No,21,High
Afternoon,Weekday,Snowy,Highway,174,30,No,Yes,3,Low
Night,Weekday,Clear,Local,22,70,No,Yes,17,High
Afternoon,Weekday,Clear,Local,724,40,Yes,No,4,Low
Night,Weekday,Rainy,Intersection,916,40,Yes,No,18,Low
Evening,Weekend,Clear,Highway,234,70,No,No,1,Low
Evening,Weekend,Clear,Intersection,12,70,Yes,Yes,11,Low
Evening,Weekend,Rainy,Local,100,60,Yes,No,16,Low
Night,Weekday,Rainy,Highway,928,70,No,Yes,9,High
Afternoon,Weekday,Clear,Highway,535,50,Yes,No,33,Low
Afternoon,Weekday,Snowy,Local,875,40,Yes,No,5,Low
Night,Weekend,Rainy,Local,522,70,Yes,No,7,Low
Evening,Weekday,Snowy,Local,784,50,No,No,10,Low
Evening,Weekend,Clear,Local,451,50,No,No,11,Low
Afternoon,Weekend,Rainy,Local,430,50,No,No,8,Low
Evening,Weekend,Snowy,Highway,792,50,Yes,Yes,1,Low
Morning,Weekend,Rainy,Local,605,60,No,No,7,Low
Afternoon,Weekend,Clear,Highway,712,50,Yes,Yes,10,Low
Evening,Weekend,Snowy,Highway,532,60,Yes,No,35,High
Afternoon,Weekday,Clear,Local,851,60,Yes,No,9,Low
Morning,Weekday,Clear,Local,978,50,No,No,20,Low
Afternoon,Weekend,Rainy,Highway,722,40,No,Yes,19,High
Afternoon,Weekend,Snowy,Local,651,50,No,Yes,47,Low
Afternoon,Weekday,Clear,Local,292,50,No,No,7,Low
Afternoon,Weekend,Clear,Local,809,50,Yes,Yes,35,Low
Morning,Weekend,Snowy,Intersection,912,40,No,No,28,Low
Night,Weekday,Clear,Highway,100,30,Yes,No,41,Low
Afternoon,Weekend,Clear,Intersection,501,30,No,Yes,11,Low
Afternoon,Weekend,Snowy,Local,303,60,No,Yes,13,Low
Evening,Weekend,Snowy,Intersection,870,60,No,Yes,47,High
Afternoon,Weekday,Snowy,Local,539,40,Yes,Yes,49,Low
Evening,Weekday,Snowy,Intersection,552,70,Yes,No,20,Low
Night,Weekday,Rainy,Local,354,30,Yes,Yes,21,Low
Morning,Weekend,Snowy,Intersection,302,60,Yes,Yes,20,Low
Morning,Weekend,Rainy,Intersection,495,30,Yes,No,43,Low
Night,Weekday,Rainy,Intersection,657,40,No,Yes,49,High
Morning,Weekend,Rainy,Highway,767,40,Yes,Yes,29,High
Night,Weekend,Clear,Intersection,973,70,Yes,Yes,38,High
Night,Weekend,Rainy,Highway,226,70,Yes,Yes,19,High
Night,Weekend,Rainy,Local,235,40,Yes,No,23,Low
Morning,Weekend,Clear,Intersection,872,60,No,No,22,High
Evening,Weekday,Clear,Local,891,30,Yes,Yes,6,Low
Night,Weekend,Clear,Local,454,50,No,Yes,8,High
Afternoon,Weekday,Snowy,Intersection,12,70,No,No,0,Low
Morning,Weekend,Clear,Highway,209,50,No,Yes,25,Low
Night,Weekday,Clear,Intersection,740,60,Yes,Yes,37,High
Night,Weekend,Rainy,Local,396,70,No,Yes,37,High
Afternoon,Weekday,Clear,Local,99,50,Yes,Yes,43,Low
Evening,Weekend,Snowy,Intersection,30,60,Yes,Yes,21,Low
Evening,Weekday,Clear,Highway,897,30,Yes,Yes,43,Low
Evening,Weekend,Snowy,Highway,527,60,Yes,Yes,9,Low
Night,Weekday,Clear,Local,648,70,Yes,Yes,5,Low
Night,Weekend,Clear,Local,328,40,No,Yes,16,High
Night,Weekday,Clear,Highway,165,30,No,No,49,High
Morning,Weekday,Clear,Intersection,458,50,Yes,No,37,Low
Afternoon,Weekend,Snowy,Local,821,70,No,No,23,High
Night,Weekend,Snowy,Highway,951,40,Yes,Yes,9,Low
Afternoon,Weekday,Rainy,Local,981,60,No,Yes,7,Low
Afternoon,Weekend,Snowy,Intersection,992,40,No,No,20,Low
Evening,Weekday,Clear,Highway,99,70,No,Yes,5,Low
Morning,Weekday,Rainy,Local,620,70,No,No,20,Low
Night,Weekday,Rainy,Intersection,854,40,No,Yes,38,High
Evening,Weekend,Rainy,Local,172,60,Yes,No,23,Low
Evening,Weekday,Clear,Intersection,748,40,Yes,No,32,Low
Night,Weekday,Snowy,Intersection,161,70,No,No,17,High
Afternoon,Weekend,Clear,Highway,904,70,Yes,Yes,27,High
Evening,Weekend,Rainy,Intersection,727,50,No,No,31,Low
Afternoon,Weekend,Clear,Local,775,50,Yes,Yes,11,Low
Morning,Weekend,Clear,Intersection,262,30,No,Yes,47,Low
Afternoon,Weekday,Snowy,Intersection,803,70,No,Yes,41,High
Morning,Weekday,Snowy,Highway,273,50,No,Yes,26,Low
Afternoon,Weekday,Rainy,Intersection,2,40,Yes,Yes,9,Low
Evening,Weekday,Clear,Intersection,27,60,Yes,Yes,45,Low
Evening,Weekend,Clear,Local,325,40,No,Yes,41,Low
Morning,Weekday,Snowy,Highway,939,60,No,No,31,High
Night,Weekday,Clear,Highway,148,50,Yes,No,41,Low
Morning,Weekend,Clear,Highway,539,30,Yes,No,25,Low
Morning,Weekday,Clear,Intersection,487,40,Yes,Yes,24,Low
Afternoon,Weekday,Snowy,Highway,821,40,Yes,Yes,10,Low
Afternoon,Weekday,Rainy,Intersection,437,40,Yes,Yes,22,Low
Morning,Weekday,Rainy,Intersection,64,60,No,Yes,33,Low
Evening,Weekday,Clear,Local,355,50,Yes,No,39,Low
Afternoon,Weekday,Rainy,Local,532,40,No,Yes,22,Low
Night,Weekend,Snowy,Local,251,40,No,No,28,High
Afternoon,Weekend,Snowy,Local,234,30,Yes,Yes,30,Low
Afternoon,Weekday,Rainy,Local,226,30,Yes,No,6,Low
Night,Weekday,Rainy,Intersection,524,50,No,Yes,39,High
Morning,Weekend,Clear,Intersection,312,50,Yes,No,32,Low
Night,Weekday,Rainy,Highway,48,70,No,Yes,20,High
Morning,Weekday,Clear,Intersection,117,30,Yes,No,1,Low
Morning,Weekday,Clear,Intersection,53,70,Yes,Yes,17,Low
Morning,Weekend,Snowy,Local,649,60,Yes,No,46,High
Night,Weekday,Snowy,Intersection,564,70,No,No,32,High
Morning,Weekend,Snowy,Local,43,40,Yes,Yes,36,Low
Evening,Weekday,Snowy,Highway,814,70,No,No,33,High
Night,Weekend,Rainy,Highway,52,50,Yes,Yes,19,High
Evening,Weekend,Snowy,Intersection,585,60,No,Yes,34,High
Morning,Weekday,Rainy,Highway,557,40,Yes,Yes,49,High
Afternoon,Weekend,Snowy,Intersection,524,70,No,No,17,Low
Morning,Weekday,Rainy,Highway,676,60,No,No,45,High
Evening,Weekend,Clear,Local,101,60,No,Yes,23,Low
Evening,Weekday,Rainy,Local,791,40,No,Yes,7,Low
Night,Weekday,Rainy,Local,769,70,No,No,29,High
Afternoon,Weekend,Snowy,Local,981,60,No,No,43,High
Night,Weekday,Rainy,Intersection,848,60,Yes,No,9,Low
Evening,Weekday,Clear,Highway,867,30,No,Yes,22,Low
Morning,Weekend,Clear,Intersection,397,60,No,Yes,48,Low
Afternoon,Weekday,Snowy,Local,137,30,No,Yes,10,Low
Morning,Weekday,Clear,Intersection,674,70,Yes,Yes,1,Low
Morning,Weekend,Rainy,Highway,920,70,Yes,Yes,25,High
Afternoon,Weekend,Clear,Intersection,386,70,Yes,No,35,Low
Night,Weekday,Snowy,Highway,110,50,No,Yes,32,High
Morning,Weekday,Rainy,Intersection,613,70,Yes,No,46,High
Evening,Weekend,Snowy,Highway,16,60,Yes,No,12,Low
Morning,Weekend,Rainy,Highway,779,40,No,Yes,39,High
Afternoon,Weekday,Clear,Local,181,30,No,No,24,Low
Afternoon,Weekend,Snowy,Highway,883,50,Yes,Yes,3,Low
Afternoon,Weekday,Snowy,Local,535,70,No,No,41,High
Night,Weekday,Rainy,Local,540,70,No,Yes,18,High
Morning,Weekday,Snowy,Local,170,40,No,Yes,17,Low
Night,Weekday,Rainy,Intersection,408,40,No,No,36,High
Night,Weekday,Rainy,Intersection,739,50,Yes,Yes,29,Low
Afternoon,Weekend,Rainy,Intersection,377,30,No,No,18,Low
Afternoon,Weekend,Rainy,Intersection,187,70,Yes,Yes,22,Low
Night,Weekend,Clear,Highway,857,50,Yes,Yes,15,Low
Morning,Weekend,Rainy,Highway,229,60,Yes,Yes,0,High
Evening,Weekday,Snowy,Intersection,832,60,Yes,No,11,Low
Night,Weekday,Clear,Highway,851,50,No,No,23,High
Morning,Weekday,Snowy,Highway,118,70,No,Yes,33,Low
Afternoon,Weekday,Clear,Local,155,50,No,No,7,Low
Afternoon,Weekend,Rainy,Local,783,70,Yes,Yes,17,Low
Morning,Weekday,Clear,Local,686,40,Yes,No,47,Low
Evening,Weekday,Clear,Local,464,50,Yes,No,4,Low
Afternoon,Weekend,Snowy,Highway,103,70,No,Yes,25,Low
Afternoon,Weekend,Snowy,Intersection,603,50,Yes,Yes,29,Low
Afternoon,Weekend,Rainy,Highway,697,50,No,Yes,12,High
Morning,Weekend,Clear,Highway,971,70,No,Yes,18,Low
Night,Weekday,Clear,Highway,794,70,No,Yes,28,High
Afternoon,Weekday,Clear,Local,501,30,No,No,2,Low
Night,Weekend,Rainy,Local,692,50,Yes,No,25,Low
Evening,Weekday,Rainy,Local,681,60,No,Yes,39,High
Afternoon,Weekday,Rainy,Intersection,698,50,Yes,Yes,11,Low
Afternoon,Weekday,Rainy,Highway,174,50,No,Yes,1,High
Evening,Weekend,Rainy,Intersection,733,70,Yes,No,10,Low
Afternoon,Weekday,Snowy,Local,744,50,Yes,Yes,43,Low
Night,Weekend,Clear,Intersection,673,50,No,Yes,27,High
Morning,Weekday,Clear,Highway,420,60,No,No,17,Low
Night,Weekday,Clear,Highway,133,70,No,No,12,High
Morning,Weekday,Clear,Local,390,50,Yes,No,36,Low
Morning,Weekend,Clear,Local,991,40,No,No,21,Low
Night,Weekday,Clear,Intersection,735,30,No,Yes,11,High
Night,Weekend,Clear,Local,500,60,Yes,No,1,Low
Night,Weekend,Clear,Local,664,50,No,No,36,High
Night,Weekend,Snowy,Highway,32,40,Yes,Yes,6,Low
Evening,Weekday,Clear,Local,54,50,No,Yes,25,Low
Afternoon,Weekday,Snowy,Local,953,50,Yes,Yes,25,Low
Morning,Weekday,Rainy,Highway,518,70,Yes,No,23,High
Night,Weekday,Clear,Highway,755,70,No,Yes,11,High
Night,Weekend,Rainy,Intersection,824,70,Yes,No,15,Low
Night,Weekend,Rainy,Local,637,40,No,No,22,High
Evening,Weekend,Rainy,Highway,11,50,No,No,39,High
Night,Weekday,Snowy,Intersection,527,30,Yes,Yes,8,Low
Night,Weekend,Rainy,Intersection,719,60,No,No,31,High
Night,Weekday,Rainy,Local,554,70,Yes,Yes,14,Low
Afternoon,Weekend,Rainy,Local,372,70,Yes,Yes,36,Low
Evening,Weekday,Clear,Intersection,483,50,Yes,Yes,12,Low
Night,Weekday,Clear,Highway,972,50,Yes,No,4,Low
Morning,Weekend,Snowy,Intersection,646,40,Yes,No,10,Low
Morning,Weekend,Snowy,Local,227,40,Yes,No,9,Low
Morning,Weekend,Clear,Highway,622,70,Yes,Yes,12,Low
Evening,Weekend,Snowy,Highway,306,50,Yes,No,40,Low
Evening,Weekday,Clear,Intersection,456,30,No,No,45,Low
Morning,Weekend,Rainy,Local,159,60,No,No,49,Low
Night,Weekend,Rainy,Intersection,330,50,Yes,No,14,Low
Evening,Weekend,Snowy,Intersection,775,50,No,No,41,Low
Morning,Weekday,Clear,Intersection,224,40,No,Yes,6,Low
Morning,Weekday,Clear,Highway,982,60,No,Yes,39,High
Night,Weekend,Snowy,Highway,728,70,No,Yes,27,High
Afternoon,Weekday,Clear,Local,503,50,No,Yes,31,Low
Evening,Weekend,Rainy,Local,455,70,No,No,34,Low
Night,Weekday,Snowy,Intersection,44,50,Yes,Yes,14,Low
Morning,Weekday,Snowy,Intersection,213,70,No,No,47,Low
Morning,Weekday,Clear,Intersection,58,60,No,Yes,35,Low
Night,Weekday,Snowy,Local,643,40,No,Yes,20,High
Evening,Weekend,Clear,Highway,615,60,No,Yes,5,Low
Afternoon,Weekend,Clear,Highway,194,30,Yes,No,0,Low
Afternoon,Weekend,Clear,Intersection,924,40,Yes,No,3,Low
Morning,Weekday,Clear,Intersection,488,60,Yes,Yes,10,Low
Evening,Weekend,Clear,Intersection,156,30,Yes,No,43,Low
Afternoon,Weekend,Snowy,Intersection,609,50,No,Yes,25,Low
Evening,Weekend,Rainy,Local,225,50,Yes,Yes,36,Low
Evening,Weekday,Rainy,Highway,411,70,Yes,Yes,22,High
Morning,Weekday,Snowy,Intersection,204,40,Yes,No,28,Low
Afternoon,Weekday,Snowy,Local,78,50,Yes,Yes,20,Low
Night,Weekend,Rainy,Intersection,123,40,No,Yes,47,High
Morning,Weekend,Rainy,Intersection,470,50,Yes,Yes,44,Low
Afternoon,Weekend,Rainy,Highway,939,70,No,No,44,High
Afternoon,Weekday,Rainy,Intersection,217,60,Yes,Yes,48,Low
Afternoon,Weekday,Rainy,Highway,515,70,No,No,26,High
Afternoon,Weekend,Clear,Highway,601,30,No,Yes,38,Low
Afternoon,Weekday,Snowy,Highway,103,50,Yes,No,39,Low
Evening,Weekday,Clear,Local,392,30,Yes,Yes,12,Low
Morning,Weekday,Rainy,Local,630,30,Yes,Yes,22,Low
Evening,Weekday,Rainy,Highway,644,40,Yes,No,15,High
Night,Weekend,Rainy,Intersection,823,50,No,No,29,High
Afternoon,Weekday,Clear,Highway,607,30,No,Yes,3,Low
Morning,Weekday,Clear,Intersection,979,60,Yes,No,39,High
Afternoon,Weekday,Rainy,Highway,433,30,Yes,Yes,15,High
Morning,Weekday,Clear,Intersection,330,60,No,Yes,30,Low
Evening,Weekend,Clear,Local,142,40,Yes,Yes,41,Low
Morning,Weekend,Rainy,Intersection,799,30,No,No,24,Low
Night,Weekday,Clear,Highway,539,70,Yes,Yes,43,High
Night,Weekday,Snowy,Local,277,40,No,No,11,High
Morning,Weekday,Snowy,Intersection,232,60,No,Yes,25,Low
Morning,Weekday,Snowy,Intersection,528,40,No,No,36,Low
Morning,Weekday,Snowy,Intersection,570,30,No,No,47,Low
Morning,Weekday,Rainy,Intersection,89,50,No,Yes,32,Low
Night,Weekend,Rainy,Intersection,491,50,Yes,No,27,Low
Afternoon,Weekday,Rainy,Local,198,60,No,Yes,8,Low
Morning,Weekend,Snowy,Local,361,60,Yes,Yes,11,Low
Morning,Weekend,Snowy,Local,440,50,No,Yes,4,Low
Night,Weekday,Clear,Local,25,60,No,Yes,27,High
Night,Weekend,Clear,Highway,24,40,Yes,Yes,34,Low
Evening,Weekend,Snowy,Local,393,70,Yes,No,4,Low
Morning,Weekend,Snowy,Intersection,506,70,Yes,Yes,33,High
Evening,Weekend,Snowy,Intersection,300,40,Yes,No,45,Low
Night,Weekend,Snowy,Local,338,70,No,No,33,High
Night,Weekend,Clear,Intersection,266,30,Yes,Yes,12,Low
Afternoon,Weekday,Snowy,Local,460,40,No,No,38,Low
Morning,Weekend,Clear,Intersection,692,60,Yes,Yes,41,High
Evening,Weekend,Snowy,Highway,455,40,Yes,No,44,Low
Night,Weekend,Snowy,Highway,359,50,No,No,47,High
Night,Weekday,Snowy,Local,67,60,No,No,13,High
Evening,Weekend,Clear,Local,862,50,Yes,Yes,10,Low
Afternoon,Weekday,Clear,Local,411,60,No,No,41,Low
Night,Weekend,Rainy,Intersection,970,70,No,Yes,37,High
Morning,Weekday,Snowy,Local,490,40,No,No,3,Low
Night,Weekday,Rainy,Highway,832,30,No,No,32,High
Morning,Weekend,Rainy,Intersection,48,60,No,No,6,Low
Evening,Weekend,Clear,Local,686,60,No,No,40,High
Morning,Weekday,Clear,Intersection,563,50,No,Yes,7,Low
Evening,Weekend,Rainy,Intersection,101,70,No,Yes,36,Low
Morning,Weekday,Snowy,Local,215,50,Yes,No,9,Low
Evening,Weekday,Clear,Intersection,437,50,No,No,42,Low
Morning,Weekday,Snowy,Highway,699,70,Yes,Yes,14,Low
Afternoon,Weekday,Snowy,Highway,568,30,No,Yes,37,Low
Morning,Weekday,Rainy,Intersection,558,50,No,Yes,14,Low
Morning,Weekend,Rainy,Local,158,50,No,Yes,4,Low
Afternoon,Weekday,Rainy,Intersection,488,60,No,No,28,Low
Night,Weekday,Rainy,Highway,685,70,Yes,No,18,High
Night,Weekend,Clear,Intersection,241,40,Yes,Yes,9,Low
Morning,Weekday,Clear,Intersection,793,30,No,Yes,11,Low
Afternoon,Weekend,Rainy,Highway,752,30,Yes,Yes,3,High
Morning,Weekend,Clear,Intersection,881,70,No,Yes,30,High
Evening,Weekend,Rainy,Intersection,4,60,No,Yes,17,Low
Evening,Weekday,Snowy,Local,595,60,Yes,Yes,15,Low
Morning,Weekday,Snowy,Local,819,70,Yes,No,39,High
Night,Weekday,Snowy,Highway,360,60,No,No,35,High
Night,Weekend,Rainy,Highway,458,30,No,No,24,High
Morning,Weekday,Snowy,Highway,247,30,Yes,Yes,22,Low
Morning,Weekend,Clear,Local,565,40,No,Yes,11,Low
Evening,Weekday,Snowy,Highway,672,70,Yes,Yes,33,High
Night,Weekend,Snowy,Highway,945,50,No,No,35,High
Morning,Weekday,Snowy,Highway,421,50,No,Yes,36,Low
Evening,Weekday,Clear,Local,922,40,Yes,Yes,2,Low
Night,Weekday,Rainy,Intersection,737,40,Yes,No,8,Low
Afternoon,Weekend,Clear,Highway,14,60,Yes,Yes,17,Low
Evening,Weekend,Rainy,Intersection,735,40,No,No,42,Low
Night,Weekday,Rainy,Highway,572,40,No,No,34,High
Night,Weekday,Snowy,Intersection,121,50,No,Yes,33,High
Evening,Weekend,Rainy,Local,276,60,No,No,40,Low
Afternoon,Weekend,Clear,Local,557,40,Yes,Yes,13,Low
Evening,Weekend,Clear,Highway,452,40,No,No,3,Low
Night,Weekday,Rainy,Intersection,389,60,No,Yes,28,High
Morning,Weekend,Snowy,Local,293,70,No,No,40,Low
Morning,Weekday,Snowy,Highway,573,60,Yes,Yes,44,High
Evening,Weekend,Clear,Highway,597,50,No,No,49,Low
Night,Weekday,Snowy,Local,445,70,No,No,14,High
Morning,Weekend,Rainy,Local,209,30,Yes,No,27,Low
Night,Weekend,Rainy,Highway,589,60,No,Yes,41,High
Evening,Weekend,Clear,Intersection,713,50,No,Yes,15,Low
Morning,Weekend,Rainy,Intersection,301,70,Yes,No,11,Low
Night,Weekend,Clear,Intersection,908,60,No,Yes,4,High
Morning,Weekday,Rainy,Highway,222,40,No,No,33,High
Evening,Weekend,Clear,Local,733,60,No,Yes,41,High
Night,Weekend,Snowy,Highway,2,30,Yes,No,0,Low
Morning,Weekend,Rainy,Local,989,60,No,Yes,38,High
Evening,Weekday,Rainy,Intersection,517,70,No,No,31,High
Morning,Weekend,Clear,Intersection,92,70,Yes,No,25,Low
Morning,Weekday,Clear,Local,519,60,Yes,No,16,Low
Afternoon,Weekend,Rainy,Local,427,70,No,No,47,Low
Afternoon,Weekend,Clear,Highway,492,40,No,Yes,26,Low
Evening,Weekday,Rainy,Intersection,234,60,No,No,23,Low
Afternoon,Weekend,Snowy,Highway,619,40,No,Yes,34,Low
Evening,Weekday,Clear,Highway,160,40,Yes,Yes,45,Low
Afternoon,Weekday,Rainy,Highway,720,50,No,No,41,High
Morning,Weekend,Snowy,Intersection,751,60,Yes,Yes,38,High
Evening,Weekday,Snowy,Highway,330,70,Yes,Yes,25,Low
Evening,Weekend,Rainy,Highway,332,40,No,Yes,48,High
Morning,Weekend,Clear,Highway,49,50,No,No,37,Low
Evening,Weekday,Rainy,Highway,522,60,Yes,Yes,22,High
Evening,Weekday,Snowy,Highway,862,60,Yes,Yes,21,High
Afternoon,Weekday,Rainy,Highway,667,30,No,No,3,High
Evening,Weekday,Clear,Intersection,491,30,Yes,No,48,Low
Night,Weekend,Snowy,Highway,581,40,No,Yes,8,High
Morning,Weekend,Rainy,Local,680,30,No,No,3,Low
Afternoon,Weekday,Clear,Highway,271,40,Yes,Yes,6,Low
Afternoon,Weekend,Snowy,Highway,579,70,Yes,Yes,22,High
Night,Weekend,Clear,Intersection,866,40,No,Yes,1,High
Morning,Weekend,Snowy,Intersection,251,30,Yes,No,48,Low
Morning,Weekend,Rainy,Local,559,70,No,Yes,23,High
Afternoon,Weekday,Clear,Local,695,30,No,No,39,Low
Evening,Weekday,Snowy,Intersection,831,40,No,No,30,Low
Afternoon,Weekend,Clear,Intersection,698,50,Yes,Yes,46,Low
Morning,Weekday,Clear,Highway,89,60,No,No,30,Low
Night,Weekday,Rainy,Intersection,445,30,No,No,46,High
Afternoon,Weekday,Clear,Local,331,40,No,No,39,Low
Morning,Weekend,Snowy,Highway,138,70,No,No,47,Low
Afternoon,Weekend,Snowy,Local,356,30,No,No,42,Low
Evening,Weekend,Snowy,Highway,600,30,No,Yes,33,Low
Afternoon,Weekday,Snowy,Intersection,273,60,No,No,23,Low
Afternoon,Weekend,Rainy,Local,18,40,No,Yes,48,Low
Morning,Weekend,Clear,Highway,982,50,No,Yes,25,Low
Morning,Weekday,Rainy,Highway,310,70,No,Yes,15,High
Morning,Weekend,Clear,Intersection,869,40,No,Yes,46,Low
Afternoon,Weekend,Clear,Intersection,885,70,Yes,Yes,12,Low
Evening,Weekday,Clear,Intersection,977,30,No,Yes,14,Low
Night,Weekday,Rainy,Local,153,60,No,No,26,High
Night,Weekday,Clear,Highway,389,60,No,No,3,High
Morning,Weekend,Rainy,Intersection,259,50,Yes,No,15,Low
Morning,Weekend,Snowy,Local,619,60,No,Yes,29,High
Afternoon,Weekend,Snowy,Local,882,30,Yes,No,43,Low
Night,Weekday,Clear,Local,796,50,No,No,29,High
Morning,Weekday,Rainy,Intersection,570,40,No,No,35,Low
Evening,Weekend,Snowy,Intersection,124,60,Yes,Yes,2,Low
Evening,Weekend,Rainy,Highway,353,50,No,No,21,High
Morning,Weekday,Rainy,Highway,272,30,Yes,Yes,48,High
Morning,Weekday,Clear,Intersection,618,70,Yes,No,21,High
Night,Weekday,Snowy,Local,810,70,No,Yes,49,High
Night,Weekday,Clear,Local,244,30,No,Yes,49,High
Afternoon,Weekend,Clear,Local,847,30,No,Yes,48,Low
Night,Weekday,Snowy,Highway,449,70,No,No,11,High
Evening,Weekend,Snowy,Local,929,50,Yes,No,20,Low
Evening,Weekend,Rainy,Highway,246,70,Yes,Yes,3,High
Morning,Weekend,Snowy,Highway,519,30,No,No,30,Low
Night,Weekday,Rainy,Local,140,60,Yes,Yes,43,Low
Afternoon,Weekday,Rainy,Local,361,40,Yes,Yes,30,Low
Evening,Weekday,Rainy,Intersection,7,60,No,No,22,Low
Evening,Weekday,Snowy,Intersection,477,60,Yes,No,19,Low
Afternoon,Weekend,Clear,Local,351,30,Yes,No,14,Low
Afternoon,Weekday,Rainy,Highway,995,70,No,Yes,22,High
Evening,Weekday,Clear,Highway,494,50,Yes,Yes,27,Low
Evening,Weekend,Clear,Highway,605,60,No,No,15,Low
Afternoon,Weekday,Snowy,Highway,832,70,Yes,Yes,36,High
Evening,Weekend,Clear,Highway,426,50,No,No,20,Low
Morning,Weekend,Clear,Intersection,38,60,Yes,Yes,14,Low
Morning,Weekend,Snowy,Local,592,50,Yes,No,16,Low
Afternoon,Weekend,Rainy,Intersection,186,70,No,No,49,Low
Night,Weekend,Clear,Highway,595,40,No,Yes,36,High
Afternoon,Weekend,Snowy,Highway,599,70,No,No,12,Low
Afternoon,Weekend,Clear,Highway,753,30,No,No,18,Low
Night,Weekend,Clear,Highway,853,50,Yes,Yes,29,Low
Night,Weekday,Rainy,Local,92,40,Yes,No,44,Low
Night,Weekday,Clear,Highway,85,50,Yes,Yes,17,Low
Morning,Weekday,Snowy,Local,43,50,No,No,13,Low
Evening,Weekday,Clear,Highway,136,60,Yes,Yes,35,Low
Morning,Weekend,Rainy,Local,420,30,Yes,No,35,Low
Evening,Weekday,Rainy,Intersection,73,50,No,No,19,Low
Morning,Weekend,Snowy,Highway,547,70,No,No,18,Low
Evening,Weekday,Rainy,Local,612,70,Yes,No,44,High
Morning,Weekday,Clear,Intersection,987,60,No,Yes,43,High
Night,Weekday,Rainy,Highway,511,30,Yes,Yes,6,High
Afternoon,Weekend,Snowy,Highway,155,30,Yes,Yes,43,Low
Morning,Weekday,Rainy,Highway,937,70,No,Yes,3,High
Evening,Weekend,Rainy,Local,254,40,Yes,Yes,33,Low
Night,Weekend,Rainy,Local,170,60,No,Yes,1,High
Morning,Weekday,Snowy,Intersection,980,60,No,Yes,4,Low
Morning,Weekday,Rainy,Local,727,70,Yes,No,9,Low
Night,Weekday,Rainy,Local,169,70,Yes,No,31,Low
Morning,Weekend,Clear,Highway,763,40,Yes,No,41,Low
Afternoon,Weekday,Snowy,Highway,871,40,No,No,40,Low
Morning,Weekend,Rainy,Highway,321,30,Yes,Yes,12,High
Afternoon,Weekend,Snowy,Highway,566,60,No,Yes,38,High
Afternoon,Weekday,Rainy,Highway,455,60,No,Yes,4,High
Night,Weekday,Rainy,Highway,943,70,Yes,No,9,High
Morning,Weekend,Rainy,Highway,602,30,No,Yes,9,High
Night,Weekend,Clear,Intersection,789,60,Yes,No,37,High
Morning,Weekend,Clear,Intersection,612,30,Yes,Yes,26,Low
Morning,Weekday,Clear,Intersection,154,30,Yes,Yes,20,Low
Evening,Weekend,Snowy,Intersection,888,70,Yes,Yes,7,Low
Morning,Weekday,Snowy,Highway,348,30,Yes,Yes,0,Low
Night,Weekend,Clear,Intersection,450,40,Yes,No,27,Low
Afternoon,Weekend,Snowy,Highway,875,40,Yes,No,48,Low
Morning,Weekday,Rainy,Intersection,652,50,No,Yes,38,Low
Evening,Weekend,Rainy,Local,172,70,Yes,No,13,Low
Night,Weekday,Rainy,Intersection,9,50,No,Yes,20,High
Morning,Weekday,Clear,Intersection,739,40,No,Yes,29,Low
Night,Weekend,Snowy,Highway,264,50,No,Yes,20,High
Evening,Weekday,Clear,Intersection,437,70,Yes,Yes,48,Low
Evening,Weekday,Snowy,Local,759,70,No,No,8,Low
Night,Weekend,Rainy,Highway,246,30,No,Yes,16,High
Morning,Weekday,Clear,Highway,666,60,Yes,Yes,4,Low
Afternoon,Weekday,Snowy,Intersection,545,30,Yes,No,30,Low
Evening,Weekday,Snowy,Highway,498,70,No,Yes,39,Low
Morning,Weekend,Rainy,Highway,128,40,Yes,No,37,High
Morning,Weekday,Clear,Highway,671,40,Yes,Yes,42,Low
Afternoon,Weekend,Clear,Highway,600,30,Yes,Yes,18,Low
Evening,Weekend,Clear,Highway,604,70,Yes,Yes,35,High
Evening,Weekday,Rainy,Highway,326,40,No,Yes,49,High
Morning,Weekday,Clear,Local,752,70,Yes,Yes,32,High
Morning,Weekday,Rainy,Intersection,834,40,Yes,Yes,12,Low
Afternoon,Weekend,Rainy,Local,979,70,Yes,No,13,Low
Afternoon,Weekday,Rainy,Highway,403,50,No,Yes,32,High
Evening,Weekday,Snowy,Highway,628,70,No,No,28,High
Night,Weekday,Clear,Intersection,605,70,Yes,No,42,High
Evening,Weekday,Clear,Local,674,30,Yes,Yes,48,Low
Morning,Weekday,Rainy,Intersection,610,50,No,No,35,Low
Evening,Weekend,Rainy,Local,624,60,Yes,Yes,43,High
Night,Weekend,Clear,Highway,358,30,Yes,No,9,Low
Afternoon,Weekday,Rainy,Intersection,602,60,No,Yes,30,High
Night,Weekday,Clear,Intersection,857,40,Yes,No,5,Low
Night,Weekday,Snowy,Highway,717,60,Yes,No,0,Low
Night,Weekday,Rainy,Intersection,16,70,No,Yes,6,High
Afternoon,Weekend,Clear,Local,273,60,No,No,26,Low
Night,Weekday,Rainy,Local,684,30,Yes,Yes,20,Low
Night,Weekend,Clear,Local,115,30,No,Yes,27,High
Night,Weekend,Clear,Local,860,60,Yes,Yes,15,Low
Morning,Weekday,Rainy,Highway,979,30,Yes,Yes,45,High
Night,Weekend,Snowy,Intersection,692,30,Yes,Yes,22,Low
Afternoon,Weekend,Clear,Local,90,60,No,No,19,Low
Night,Weekend,Clear,Highway,81,50,No,No,37,High
Night,Weekend,Clear,Intersection,323,50,Yes,No,24,Low
Afternoon,Weekday,Snowy,Intersection,960,40,Yes,Yes,27,Low
Night,Weekday,Snowy,Highway,113,30,No,No,4,High
Afternoon,Weekend,Rainy,Highway,768,60,No,No,20,High
Night,Weekday,Snowy,Local,57,30,No,No,17,High
Afternoon,Weekday,Rainy,Intersection,153,70,Yes,No,46,Low
Night,Weekday,Rainy,Intersection,876,30,No,No,5,High
Night,Weekday,Snowy,Highway,403,30,No,Yes,28,High
Morning,Weekday,Rainy,Intersection,627,50,Yes,Yes,18,Low
Morning,Weekend,Snowy,Local,854,60,Yes,No,32,High
Night,Weekday,Rainy,Intersection,265,30,Yes,Yes,0,Low
Night,Weekday,Snowy,Highway,314,50,No,Yes,44,High
Evening,Weekday,Snowy,Highway,714,40,Yes,No,2,Low
